[
  {
    "date": "2019.09.09",
    "src": "/img/avatar.png",
    "name": "@辣椒の酱",
    "desc": "后端开发，技术分享。",
    "url": "https://removeif.github.io/"
  },
  {
    "date": "2019.09.09",
    "src1": "/img/avatar.png",
    "name": "@辣椒の酱",
    "desc": "后端开发，技术分享。",
    "url": "https://removeif.github.io/"
  },
  {
    "date": "2019.09.09",
    "src": "/img/avatar.png",
    "name": "@辣椒の酱",
    "desc": "后端开发，技术分享。",
    "url": "https://removeif.github.io/"
  },
  {
    "date": "2019.09.09",
    "src": "/img/avatar.png",
    "name": "@辣椒の酱",
    "desc": "后端开发，技术分享。",
    "url": "https://removeif.github.io/"
  },
  {
    "date": "2019.09.09",
    "src": "/img/avatar.png",
    "name": "@辣椒の酱",
    "desc": "后端开发，技术分享。",
    "url": "https://removeif.github.io/"
  },
  {
    "date": "2019.09.09",
    "stopTime": "2019.11.01",
    "src": "/img/avatar.png",
    "name": "@辣椒の酱",
    "desc": "后端开发，技术分享。",
    "url": "https://removeif.github.io/",
    "valid":0
  }
]