[
  {
    "src": "http://www.ytmp3.cn/down/35108.mp3",
    "title": "国歌&#12288;&#12288;&#12288;&#12288;&#12288;",
    "author": "伴奏&#12288;&#12288;&#12288;",
    "time": "00:50:00",
    "desc": "无论何时何地，爱国之心永存不朽!<br>中国国歌为《义勇军进行曲》，2017年9月1 日第十二届全国人民代表大会常务委员会第二十九次会议通过的《中华人民共和国国歌法》明确规定：国歌标准曲谱和国歌官方录音版本，应当在中国人大网和中国政府网上发布。2017年11月4日，十二届全国人大常委会第三十次会议表决通过了中华人民共和国刑法修正案(十)，将侮辱国歌行为写入其中，规定在公共场合侮辱国歌情节严重的，处三年以下有期徒刑、拘役、管制或者剥夺政治权利。",
    "loop": true,
    "cover": "http://p2.music.126.net/p1xmBAzvpBrIZxhModezXQ==/118747255814936.jpg?param=130y130",
    "lrc": "[ti:中华人民共和国国歌]\n[offset:300]\n[00:01.00]《中华人民共和国国歌》\n[00:03.00]作词：田汉/作曲：聂耳\n[00:07.58]起来！\n[00:08.42]不愿做奴隶的人们！\n[00:12.21]把我们的血肉，\n[00:14.34]筑成我们新的长城！\n[00:18.42]中华民族到了最危险的时候，\n[00:24.86]每个人被迫着发出最后的吼声。\n[00:30.20]起来！\n[00:31.47]起来！\n[00:32.74]起来！\n[00:34.45]我们万众一心，\n[00:36.91]冒着敌人的炮火 前进！\n[00:40.83]冒着敌人的炮火 前进！\n[00:44.81]前进！\n[00:46.02]前进！\n[00:47.20]进！"
  },
  {
    "src": "http://music.163.com/song/media/outer/url?id=355992.mp3",
    "title": "追梦赤子心&#12288;&#12288;",
    "author": "GALA",
    "time": "05:17:00",
    "cover": "http://p1.music.126.net/XDncptlBJ4_LN3hLBx-8aw==/19061133579343591.jpg",
    "loop": true,
    "desc": "GALA乐队在创作这首《追梦赤子心》时表示，他们在创作里加入了许多的情绪和手法，也在不断尝试着各种可能性。他们开始了更多的审视和思考。作为乐队的第二部作品，他们在创作《追梦赤子心》时就将怀旧的印记带入其中。不仅如此，乐队还希望用这首歌来告诉大家：就算遇到挫折、受到嘲笑，也要勇敢的向前跑。",
    "lrc": "[00:00.000] 作曲 : GALA\n[00:00.110] 作词 : GALA\n[00:15.330]充满鲜花的世界到底在哪里\n[00:21.310]如果它真的存在那么我一定会去\n[00:28.760]我想在那里最高的山峰矗立\n[00:34.180]不在乎它是不是悬崖峭壁\n[00:38.870]\n[00:42.010]用力活着用力爱哪怕肝脑涂地\n[00:47.830]不求任何人满意只要对得起自己\n[00:55.200]关于理想我从来没选择放弃\n[01:00.660]即使在灰头土脸的日子里\n[01:06.440]\n[01:07.390]也许我没有天分\n[01:10.600]但我有梦的天真\n[01:13.900]我将会去证明用我的一生\n[01:20.640]也许我手比较笨\n[01:23.850]但我愿不停探寻\n[01:27.260]付出所有的青春不留遗憾\n[01:32.690]\n[01:34.610]向前跑 迎着冷眼和嘲笑\n[01:40.160]生命的广阔不历经磨难怎能感到\n[01:47.130]命运它无法让我们跪地求饶\n[01:54.710]就算鲜血洒满了怀抱\n[01:59.620]\n[02:00.980]继续跑 带着赤子的骄傲\n[02:07.690]生命的闪耀不坚持到底怎能看到\n[02:14.020]与其苟延残喘不如纵情燃烧吧\n[02:22.460]有一天会再发芽\n[02:29.330]\n[02:56.260]未来迷人绚烂总在向我召唤\n[03:01.180]哪怕只有痛苦作伴也要勇往直前\n[03:09.070]我想在那里最蓝的大海扬帆\n[03:14.780]绝不管自己能不能回还\n[03:20.220]\n[03:21.890]失败后郁郁寡欢\n[03:24.760]那是懦夫的表现\n[03:28.190]只要一息尚存请握紧双拳\n[03:35.010]在天色破晓之前\n[03:38.170]我们要更加勇敢\n[03:41.640]等待日出时最耀眼的瞬间\n[03:46.970]\n[03:49.270]向前跑 迎着冷眼和嘲笑\n[03:55.600]生命的广阔不历经磨难怎能感到\n[04:02.610]命运它无法让我们跪地求饶\n[04:09.530]就算鲜血洒满了怀抱\n[04:13.940]\n[04:16.110]继续跑 带着赤子的骄傲\n[04:22.720]生命的闪耀不坚持到底怎能看到\n[04:29.170]与其苟延残喘不如纵情燃烧\n[04:36.970]为了心中的美好\n[04:43.980]不妥协直到变老\n[04:50.460]\n"
  }
]
