[
  {
    "date": "2019.09.10",
    "title": "梦想一旦被付诸行动，就会变得神圣",
    "achievement": "-丁尼生"
  },
  {
    "date": "2019.09.07",
    "title": "生如夏花，逝如冬雪",
    "achievement": "-《明朝那些事儿》"
  },
  {
    "date": "2019.04.22",
    "title": "你写下的每一个bug，都是人类反抗被人工智能统治的一颗子弹",
    "achievement": "–未知"
  },
  {
    "date": "2019.04.22",
    "title": "所谓活着并不是单纯的呼吸，心脏跳动，也不是脑电波，而是在这个世界上留下痕迹。要能看见自己一路走来的脚印，并确信那些都是自己留下的印记，这才叫活着。",
    "achievement": "–《东野圭吾》"
  }
]