[
  {
    "desc": "数万人齐聚在北京天安门广场，在国旗下，用歌声唱响《我爱你中国》",
    "url": "http://gslb.miaopai.com/stream/7fpnBTKIXhtHR~gpA-jLv0cXj5XLDpYbHOESyA__.mp4"
  },
  {
    "desc": "为了祖国！五星红旗你是我的骄傲",
    "url": "http://gslb.miaopai.com/stream/dMwe1NrmMoSENiiUQTuQ7f97u7i6HEwpuwCWWw__.mp4"
  },
  {
    "desc": "#深圳湾点亮中国红#，上演了一场精彩的无人机表演",
    "url": "http://gslb.miaopai.com/stream/zD0b05nm0tDToQjflKZ68EZN3IldJjl9Qx8NqA__.mp4"
  },
  {
    "desc": "一起来晒你和国旗的同框合影吧 爱就大声说出来",
    "url": "http://gslb.miaopai.com/stream/b9z-sriEV837gM2P2OoyRTxXm8eCqW9X3quS5g__.mp4"
  },
  {
    "desc": "庆祝新中国成立70周年华诞！快闪《我和我的祖国》",
    "url": "http://gslb.miaopai.com/stream/i7U~5uYYqnEQiAdKzIYcQut6nEkOb7-d7cYhag__.mp4"
  },
  {
    "desc": "画面引起极度舒适！武警国宾护卫队超燃表白",
    "url": "http://gslb.miaopai.com/stream/F~K7R5KPnXu8SeJbRqjQjspql840dzhIjPv5kw__.mp4"
  },
  {
    "desc": "燃！90秒速看中国海军五大兵种",
    "url": "http://gslb.miaopai.com/stream/LSsaxNI4KKZ6ccKy9MgXdZmvSMYBpxAZlsZoTQ__.mp4"
  },
  {
    "desc": "via@电影一生有你 一生有你MV 片段",
    "url": "http://gslb.miaopai.com/stream/UUbv~sd6AVaViuYDrubP~YS5v4EG-2NTes85dQ__.mp4"
  },
  {
    "desc": "花甲老兵寻战友：希望一起看一次升旗",
    "url": "http://gslb.miaopai.com/stream/tdKhIae~IDCjiw1v7lJQogsGSnJXOzC6JqNspQ__.mp4"
  },
  {
    "desc": "每秒都热血！一镜到底纵览海军70年装备库",
    "url": "http://gslb.miaopai.com/stream/j7dFmYxJWxYVlN8JNRNX~zXONpCxUCE-CIYlMA__.mp4"
  },
  {
    "desc": "2019版第五套人民币宣传片",
    "url": "http://gslb.miaopai.com/stream/arxtADaDqTX-nqtHa2sdU2d5Zwd0EFHce9J~lw__.mp4"
  },
  {
    "desc": "回首峥嵘岁月，不忘初心！展望未来发展，扬帆远航",
    "url": "http://gslb.miaopai.com/stream/ILmTaHQdv7Z1ZJ3gBosfs0~MixoNnIQWstNKiw__.mp4"
  }
]
